Program Ver.,APM_Ver.1.060(LabVIEW)
Date,2005/01/01
Measure StartTime,01:40:00
Data,0800
Electrical Mobility Diameter,450
Lambda,0.50
Rotation speed,4053
Applied Voltage Range,275.6-1377.8
Time,Rotation Speed,Applied Voltage,Differential Pressure,Inlet Particle Concentration,Outlet Particle Concentration,Particle mass[fg]
2005/01/01 01:40:38,3990.140898,276.995055,95.400772,0.000000,0.000000,10.373428
2005/01/01 01:40:39,4013.001060,278.100993,95.418129,0.000000,0.400000,10.296526
2005/01/01 01:40:40,4002.717053,279.216664,95.415210,0.000000,0.200000,10.391022
2005/01/01 01:40:41,4020.125699,280.321304,95.430134,0.000000,0.400000,10.341977
2005/01/01 01:40:42,4006.190801,281.414394,95.414885,0.000000,0.000000,10.454657
2005/01/01 01:40:43,4020.391413,282.592616,95.415858,0.000000,0.400000,10.424395
2005/01/01 01:40:44,4002.822171,283.686355,95.388930,0.000000,0.000000,10.556807
2005/01/01 01:40:45,4021.249874,284.876387,95.399637,0.000000,0.200000,10.504154
2005/01/01 01:40:46,4002.515578,285.979210,95.407099,0.000000,0.400000,10.643761
2005/01/01 01:40:47,4005.716799,287.155875,95.406125,0.000000,0.200000,10.670480
2005/01/01 01:40:48,4010.012995,288.330853,95.428674,0.000000,0.200000,10.691196
2005/01/01 01:40:49,4021.875713,289.473127,95.439867,0.000000,0.400000,10.670326
2005/01/01 01:40:50,3994.887737,290.653037,95.426565,0.000000,0.000000,10.859065
2005/01/01 01:40:51,3997.088394,291.808938,95.413750,0.000000,0.200000,10.890249
2005/01/01 01:40:52,4019.836626,293.009870,95.411316,0.000000,0.000000,10.811655
2005/01/01 01:40:53,4001.188954,294.179008,95.409694,0.000000,0.600000,10.956208
2005/01/01 01:40:54,4023.780483,295.358528,95.404990,0.000000,0.000000,10.876964
2005/01/01 01:40:55,4004.571211,296.526758,95.426565,0.000000,0.000000,11.024999
2005/01/01 01:40:56,4020.008902,297.759875,95.419427,0.000000,0.200000,10.985982
2005/01/01 01:40:57,4003.196896,298.923303,95.405639,0.000000,0.200000,11.121736
2005/01/01 01:40:58,4019.967049,300.170825,95.395581,0.000000,0.200000,11.075165
2005/01/01 01:40:59,3998.540575,301.356963,95.393635,0.000000,0.200000,11.238412
2005/01/01 01:41:00,4027.096555,302.589821,95.420725,0.000000,0.000000,11.124922
2005/01/01 01:41:01,4005.279782,303.804769,95.429485,0.000000,0.200000,11.291603
2005/01/01 01:41:02,4016.614965,305.048138,95.428187,0.000000,0.000000,11.273914
2005/01/01 01:41:03,4002.468859,306.225063,95.397041,0.000000,0.000000,11.397551
2005/01/01 01:41:04,4016.397917,307.438714,95.404016,0.000000,0.200000,11.363492
2005/01/01 01:41:05,4002.090241,308.742558,95.399150,0.000000,0.000000,11.493425
2005/01/01 01:41:06,4000.865815,309.958804,95.406936,0.000000,0.000000,11.545766
2005/01/01 01:41:07,4010.280655,311.186081,95.430782,0.000000,0.200000,11.537119
2005/01/01 01:41:08,4025.885755,312.441260,95.405639,0.000000,0.000000,11.494027
2005/01/01 01:41:09,3999.700762,313.714478,95.373682,0.000000,0.000000,11.692471
2005/01/01 01:41:10,3993.759670,314.958625,95.387957,0.000000,0.000000,11.773793
2005/01/01 01:41:11,4020.752511,316.264676,95.431918,0.000000,0.200000,11.664409
2005/01/01 01:41:12,3999.260825,317.483907,95.418292,0.000000,0.200000,11.835565
2005/01/01 01:41:13,4024.297311,318.764262,95.406612,0.000000,0.000000,11.735896
2005/01/01 01:41:14,4005.143518,320.059282,95.380170,0.000000,0.000000,11.896549
2005/01/01 01:41:15,4017.276817,321.365981,95.401745,0.000000,0.200000,11.873072
2005/01/01 01:41:16,3995.964220,322.655680,95.425916,0.000000,0.000000,12.048219
2005/01/01 01:41:17,4023.973199,323.978861,95.397690,0.000000,0.000000,11.929802
2005/01/01 01:41:18,4007.302323,325.241696,95.402070,0.000000,0.000000,12.076156
2005/01/01 01:41:19,4027.555958,326.562152,95.385037,0.000000,0.200000,12.003542
2005/01/01 01:41:20,4005.428698,327.891042,95.385848,0.000000,0.000000,12.185919
2005/01/01 01:41:21,4019.676029,329.224346,95.403205,0.000000,0.000000,12.148889
2005/01/01 01:41:22,3995.357847,330.552328,95.416832,0.000000,0.200000,12.346833
2005/01/01 01:41:23,4024.090969,331.842806,95.399799,0.000000,0.000000,12.218659
2005/01/01 01:41:24,4003.335106,333.225034,95.383253,0.000000,0.200000,12.397110
2005/01/01 01:41:25,4023.964439,334.572872,95.394608,0.000000,0.000000,12.319957
2005/01/01 01:41:26,3996.422649,335.898648,95.469877,0.000000,0.000000,12.539845
2005/01/01 01:41:27,4016.990663,337.274517,95.428511,0.000000,0.000000,12.462599
2005/01/01 01:41:28,4005.974726,338.648570,95.405801,0.000000,0.200000,12.582286
2005/01/01 01:41:29,4021.827047,339.992385,95.393959,0.000000,0.200000,12.532830
2005/01/01 01:41:30,3998.988298,341.368644,95.414398,0.000000,0.000000,12.727705
2005/01/01 01:41:31,4001.589959,342.682481,95.390877,0.000000,0.000000,12.760082
2005/01/01 01:41:32,4007.677047,344.095077,95.407747,0.000000,0.200000,12.773789
2005/01/01 01:41:33,4000.707165,345.500535,95.390390,0.000000,0.000000,12.870693
2005/01/01 01:41:34,4007.219591,346.850968,95.433865,0.000000,0.000000,12.879036
2005/01/01 01:41:35,4001.047824,348.272389,95.372546,0.000000,0.200000,12.971742
2005/01/01 01:41:36,4007.122260,349.672786,95.395094,0.000000,0.000000,12.984445
2005/01/01 01:41:37,4001.347604,351.060854,95.427376,0.000000,0.000000,13.073642
2005/01/01 01:41:38,4007.605996,352.478641,95.419103,0.000000,0.000000,13.085475
2005/01/01 01:41:39,3996.957970,353.970918,95.375791,0.000000,0.000000,13.210983
2005/01/01 01:41:40,4017.426707,355.295656,95.438731,0.000000,0.000000,13.125646
2005/01/01 01:41:41,4002.818278,356.761070,95.392823,0.000000,0.200000,13.276159
2005/01/01 01:41:42,4025.695960,358.186254,95.409532,0.000000,0.800000,13.178127
2005/01/01 01:41:43,4007.150486,359.645050,95.415858,0.000000,0.000000,13.354558
2005/01/01 01:41:44,4021.860140,361.110464,95.443922,0.000000,0.000000,13.311067
2005/01/01 01:41:45,4002.161292,362.583016,95.368004,0.000000,0.000000,13.497241
2005/01/01 01:41:46,4025.415646,363.867135,95.469066,0.000000,0.200000,13.388999
2005/01/01 01:41:47,4006.296892,365.360970,95.519029,0.000000,0.200000,13.572587
2005/01/01 01:41:48,3997.673354,367.022343,95.444409,0.000000,0.000000,13.693190
2005/01/01 01:41:49,4008.409951,368.417160,95.363300,0.000000,0.000000,13.671694
2005/01/01 01:41:50,3998.771249,370.280593,95.257209,0.000000,0.400000,13.807166
2005/01/01 01:41:51,4000.194230,371.732511,95.245043,0.000000,0.200000,13.851446
2005/01/01 01:41:52,4003.784776,372.621986,95.553582,0.000000,0.000000,13.859698
2005/01/01 01:41:53,4000.165031,374.679042,95.190700,0.000000,0.200000,13.961443
2005/01/01 01:41:54,4009.945836,375.709452,95.537035,0.000000,0.200000,13.931627
2005/01/01 01:41:55,4000.457024,377.764692,95.266618,0.000000,0.000000,14.074367
2005/01/01 01:41:56,4025.736839,378.801072,95.490316,0.000000,0.000000,13.936290
2005/01/01 01:41:57,3996.584219,380.781951,95.277811,0.000000,0.400000,14.214289
2005/01/01 01:41:58,4003.607633,381.997679,95.520327,0.000000,0.000000,14.209685
2005/01/01 01:41:59,4010.979493,383.392237,95.539144,0.000000,0.600000,14.209185
2005/01/01 01:42:00,4026.003526,385.075283,95.373844,0.000000,0.000000,14.165244
2005/01/01 01:42:01,4000.888201,386.757551,95.350809,0.000000,0.000000,14.406308
2005/01/01 01:42:02,3996.962837,388.251905,95.376602,0.000000,0.000000,14.490391
2005/01/01 01:42:03,4006.473061,389.811536,95.390390,0.000000,0.400000,14.479613
2005/01/01 01:42:04,4009.752147,391.287073,95.413587,0.000000,0.000000,14.510660
2005/01/01 01:42:05,4006.817614,392.933653,95.407099,0.000000,0.000000,14.593075
2005/01/01 01:42:06,3997.185725,394.583478,95.446355,0.000000,0.400000,14.725056
2005/01/01 01:42:07,4006.760188,396.164002,95.415047,0.000000,0.400000,14.713468
2005/01/01 01:42:08,4030.257870,397.671983,95.444733,0.000000,0.400000,14.597754
2005/01/01 01:42:09,4003.684525,399.269898,95.474095,0.000000,0.400000,14.851612
2005/01/01 01:42:10,3991.658291,401.050146,95.331018,0.000000,0.400000,15.007857
2005/01/01 01:42:11,4022.147267,402.484804,95.462091,0.000000,0.200000,14.834069
2005/01/01 01:42:12,4000.968986,404.166293,95.397041,0.000000,0.800000,15.054157
2005/01/01 01:42:13,4019.738321,405.795224,95.362164,0.000000,0.200000,14.974009
2005/01/01 01:42:14,3999.290024,407.451148,95.422347,0.000000,0.200000,15.189255
2005/01/01 01:42:15,4027.097528,409.111874,95.381793,0.000000,0.600000,15.041270
2005/01/01 01:42:16,4005.030614,410.685651,95.420725,0.000000,0.800000,15.265976
2005/01/01 01:42:17,4017.459799,412.360522,95.418292,0.000000,0.600000,15.233536
2005/01/01 01:42:18,3998.566854,414.074456,95.397366,0.000000,0.600000,15.441747
2005/01/01 01:42:19,4020.348587,415.695211,95.397690,0.000000,0.800000,15.334666
2005/01/01 01:42:20,4006.185935,417.405640,95.421860,0.000000,0.600000,15.506823
2005/01/01 01:42:21,4019.903784,419.100497,95.367517,0.000000,1.000000,15.463706
2005/01/01 01:42:22,4002.688827,420.724756,95.451546,0.000000,0.600000,15.657454
2005/01/01 01:42:23,4020.702873,422.462179,95.428511,0.000000,1.000000,15.581548
2005/01/01 01:42:24,4007.393814,424.073461,95.422023,0.000000,0.800000,15.745040
2005/01/01 01:42:25,4020.284349,425.835930,95.387957,0.000000,1.000000,15.709251
2005/01/01 01:42:26,4006.468195,427.575170,95.387470,0.000000,0.400000,15.882388
2005/01/01 01:42:27,4024.891031,429.256920,95.434513,0.000000,1.200000,15.799225
2005/01/01 01:42:28,4006.817614,431.004725,95.427376,0.000000,1.000000,16.006988
2005/01/01 01:42:29,4023.811629,432.756942,95.387795,0.000000,0.800000,15.936593
2005/01/01 01:42:30,3999.872064,434.513961,95.453006,0.000000,0.600000,16.193408
2005/01/01 01:42:31,4020.014742,436.297714,95.386497,0.000000,1.400000,16.097350
2005/01/01 01:42:32,4007.008383,437.977128,95.427700,0.000000,0.600000,16.264385
2005/01/01 01:42:33,4023.124471,439.803317,95.410992,0.000000,0.600000,16.201614
2005/01/01 01:42:34,4002.838717,441.555534,95.404341,0.000000,1.600000,16.431450
2005/01/01 01:42:35,4023.867108,443.351746,95.435162,0.000000,1.400000,16.326305
2005/01/01 01:42:36,3997.195458,445.167423,95.396879,0.000000,1.400000,16.612666
2005/01/01 01:42:37,4020.442998,446.939496,95.423969,0.000000,0.800000,16.486469
2005/01/01 01:42:38,4003.232908,448.716631,95.427700,0.000000,1.400000,16.694645
2005/01/01 01:42:39,4027.542331,450.523224,95.367842,0.000000,1.800000,16.560128
2005/01/01 01:42:40,3997.715207,452.352528,95.404828,0.000000,2.000000,16.876409
2005/01/01 01:42:41,4016.544887,454.224139,95.374331,0.000000,1.600000,16.787719
2005/01/01 01:42:42,4006.274506,456.002701,95.408234,0.000000,3.000000,16.939974
2005/01/01 01:42:43,4024.433575,457.818768,95.400772,0.000000,2.400000,16.854303
2005/01/01 01:42:44,4008.427470,459.660920,95.428187,0.000000,2.200000,17.057534
2005/01/01 01:42:45,4021.184662,461.505278,95.444895,0.000000,1.600000,17.017485
2005/01/01 01:42:46,3995.743278,463.399339,95.393797,0.000000,2.400000,17.305613
2005/01/01 01:42:47,4023.963466,465.299760,95.402232,0.000000,1.200000,17.133713
2005/01/01 01:42:48,4006.176201,467.170073,95.374168,0.000000,1.400000,17.355681
2005/01/01 01:42:49,4020.071194,469.101640,95.387632,0.000000,2.000000,17.307175
2005/01/01 01:42:50,3992.652041,470.894218,95.395257,0.000000,1.800000,17.612750
2005/01/01 01:42:51,4016.530287,472.837854,95.374006,0.000000,2.000000,17.475792
2005/01/01 01:42:52,4006.252120,474.738795,95.420725,0.000000,3.400000,17.636195
2005/01/01 01:42:53,4021.751129,476.633246,95.386010,0.000000,3.200000,17.570361
2005/01/01 01:42:54,4002.370554,478.577401,95.426403,0.000000,3.200000,17.813298
2005/01/01 01:42:55,3996.827547,480.542710,95.405801,0.000000,1.800000,17.936095
2005/01/01 01:42:56,4007.338335,482.440536,95.441651,0.000000,4.800000,17.912595
2005/01/01 01:42:57,4004.609170,484.388325,95.414398,0.000000,2.200000,18.009436
2005/01/01 01:42:58,4006.886719,486.332740,95.413750,0.000000,3.200000,18.061179
2005/01/01 01:42:59,4000.272095,488.298048,95.411479,0.000000,4.000000,18.194187
2005/01/01 01:43:00,4006.768948,490.268029,95.401097,0.000000,2.800000,18.208397
2005/01/01 01:43:01,4004.796046,492.235155,95.392661,0.000000,3.000000,18.299472
2005/01/01 01:43:02,4006.880879,494.207472,95.390228,0.000000,4.600000,18.353681
2005/01/01 01:43:03,4004.722074,496.256096,95.426727,0.000000,5.000000,18.449637
2005/01/01 01:43:04,4006.309545,498.219718,95.401745,0.000000,3.800000,18.507964
2005/01/01 01:43:05,4021.035745,500.245892,95.430620,0.000000,3.200000,18.447367
2005/01/01 01:43:06,3998.764436,502.257660,95.399312,0.000000,3.000000,18.728442
2005/01/01 01:43:07,4000.745125,504.270337,95.409207,0.000000,5.200000,18.784878
2005/01/01 01:43:08,4010.406212,506.314679,95.402719,0.000000,4.800000,18.770270
2005/01/01 01:43:09,4004.730834,508.334494,95.405314,0.000000,4.200000,18.898601
2005/01/01 01:43:10,4010.325427,510.449045,95.411316,0.000000,4.400000,18.924303
2005/01/01 01:43:11,4025.506164,512.480799,95.406450,0.000000,4.200000,18.856598
2005/01/01 01:43:12,3999.208266,514.582761,95.404503,0.000000,5.800000,19.183768
2005/01/01 01:43:13,3997.296683,516.596477,95.373519,0.000000,9.000000,19.277264
2005/01/01 01:43:14,4006.739749,518.701813,95.418778,0.000000,5.000000,19.264699
2005/01/01 01:43:15,4008.166623,520.778729,95.394446,0.000000,5.000000,19.328067
2005/01/01 01:43:16,4006.519780,522.869012,95.436136,0.000000,3.400000,19.421602
2005/01/01 01:43:17,3996.789588,524.993945,95.417318,0.000000,7.600000,19.595595
2005/01/01 01:43:18,4006.336798,527.161834,95.416021,0.000000,6.000000,19.582845
2005/01/01 01:43:19,4008.633812,529.223437,95.419427,0.000000,4.600000,19.636904
2005/01/01 01:43:20,4010.438332,531.393012,95.396879,0.000000,9.600000,19.699667
2005/01/01 01:43:21,4017.532798,533.600612,95.423645,0.000000,7.200000,19.711705
2005/01/01 01:43:22,3999.186853,535.718537,95.410019,0.000000,9.400000,19.971929
2005/01/01 01:43:23,4000.170871,537.892525,95.419103,0.000000,5.400000,20.043112
2005/01/01 01:43:24,4010.616448,540.034200,95.375142,0.000000,7.600000,20.018233
2005/01/01 01:43:25,4001.113036,542.180806,95.422023,0.000000,8.200000,20.193390
2005/01/01 01:43:26,4003.014886,544.395154,95.391039,0.000000,9.600000,20.256601
2005/01/01 01:43:27,3997.261643,546.573295,95.420887,0.000000,6.200000,20.396234
2005/01/01 01:43:28,4020.426452,548.780766,95.403205,0.000000,7.200000,20.243303
2005/01/01 01:43:29,4006.701790,551.017825,95.430782,0.000000,7.600000,20.465310
2005/01/01 01:43:30,4024.382963,553.243983,95.412938,0.000000,11.200000,20.367833
2005/01/01 01:43:31,3997.401800,555.468584,95.447329,0.000000,8.200000,20.726722
2005/01/01 01:43:32,4016.581873,557.765599,95.394283,0.000000,8.800000,20.614139
2005/01/01 01:43:33,4006.111963,559.954123,95.418129,0.000000,9.000000,20.803337
2005/01/01 01:43:34,4024.532853,562.210130,95.428349,0.000000,9.600000,20.696382
2005/01/01 01:43:35,4003.843174,564.450045,95.411803,0.000000,10.800000,20.994142
2005/01/01 01:43:36,4027.787606,566.758351,95.391201,0.000000,11.400000,20.830109
2005/01/01 01:43:37,4000.502770,569.043557,95.409856,0.000000,10.000000,21.200353
2005/01/01 01:43:38,4016.377477,571.388590,95.409207,0.000000,9.200000,21.119773
2005/01/01 01:43:39,4002.443553,573.646284,95.412127,0.000000,9.600000,21.351111
2005/01/01 01:43:40,4024.105569,575.997805,95.421698,0.000000,8.800000,21.208445
2005/01/01 01:43:41,4002.967194,578.287814,95.410992,0.000000,12.000000,21.518238
2005/01/01 01:43:42,4024.208740,580.624282,95.413425,0.000000,8.400000,21.377697
2005/01/01 01:43:43,4003.186189,582.959711,95.384064,0.000000,10.800000,21.689707
2005/01/01 01:43:44,4024.486134,585.297347,95.430134,0.000000,10.000000,21.546782
2005/01/01 01:43:45,3997.087421,587.724269,95.374168,0.000000,13.600000,21.933759
2005/01/01 01:43:46,4020.246390,590.031148,95.441489,0.000000,10.200000,21.766887
2005/01/01 01:43:47,4006.573312,592.448596,95.383739,0.000000,13.200000,22.005499
2005/01/01 01:43:48,4028.033853,594.866433,95.408559,0.000000,10.400000,21.860494
2005/01/01 01:43:49,3996.907358,597.200306,95.396230,0.000000,9.600000,22.289411
2005/01/01 01:43:50,4012.513431,599.683680,95.432891,0.000000,11.600000,22.208333
2005/01/01 01:43:51,3998.606760,602.086983,95.401908,0.000000,10.400000,22.452700
2005/01/01 01:43:52,3996.237720,604.506378,95.402881,0.000000,15.400000,22.569658
2005/01/01 01:43:53,4009.947783,606.950301,95.401908,0.000000,13.800000,22.506213
2005/01/01 01:43:54,4004.491400,609.352825,95.418454,0.000000,11.200000,22.656918
2005/01/01 01:43:55,4006.380597,611.823741,95.388444,0.000000,15.800000,22.727342
2005/01/01 01:43:56,4000.398626,614.271297,95.434189,0.000000,14.400000,22.886554
2005/01/01 01:43:57,4006.954850,616.820987,95.409045,0.000000,13.000000,22.906407
2005/01/01 01:43:58,4029.192094,619.269063,95.421860,0.000000,11.200000,22.744174
2005/01/01 01:43:59,4002.887383,621.819142,95.375953,0.000000,10.200000,23.138973
2005/01/01 01:44:00,3992.939168,624.280845,95.424780,0.000000,14.600000,23.346477
2005/01/01 01:44:01,4016.339518,626.814572,95.391201,0.000000,11.200000,23.168877
2005/01/01 01:44:02,3998.784876,629.322605,95.422996,0.000000,14.000000,23.466265
2005/01/01 01:44:03,4027.454733,631.852958,95.419265,0.000000,11.400000,23.226374
2005/01/01 01:44:04,4003.818842,634.456376,95.419914,0.000000,16.200000,23.598242
2005/01/01 01:44:05,4020.313548,636.972065,95.398663,0.000000,12.000000,23.497803
2005/01/01 01:44:06,4000.549489,639.557314,95.397366,0.000000,13.000000,23.826865
2005/01/01 01:44:07,4020.468305,642.156579,95.403368,0.000000,12.400000,23.687236
2005/01/01 01:44:08,4003.159910,644.733393,95.425429,0.000000,12.800000,23.988385
2005/01/01 01:44:09,4027.627983,647.333307,95.408072,0.000000,13.400000,23.793371
2005/01/01 01:44:10,4000.194230,649.916609,95.400610,0.000000,13.400000,24.217104
2005/01/01 01:44:11,4016.456315,652.573884,95.375142,0.000000,14.400000,24.119612
2005/01/01 01:44:12,3999.332850,655.199494,95.393797,0.000000,15.400000,24.424472
2005/01/01 01:44:13,4027.657182,657.860792,95.402232,0.000000,14.600000,24.179969
2005/01/01 01:44:14,4004.606250,660.513785,95.387795,0.000000,15.200000,24.557773
2005/01/01 01:44:15,4019.870691,663.182740,95.397852,0.000000,13.600000,24.470102
2005/01/01 01:44:16,3992.006736,665.813541,95.402070,0.000000,15.600000,24.911325
2005/01/01 01:44:17,4020.403093,668.543620,95.388606,0.000000,17.000000,24.661375
2005/01/01 01:44:18,4009.798866,671.231004,95.410992,0.000000,17.000000,24.891643
2005/01/01 01:44:19,4020.416719,673.973801,95.408072,0.000000,15.600000,24.861516
2005/01/01 01:44:20,4006.216107,676.671956,95.392823,0.000000,15.600000,25.138315
2005/01/01 01:44:21,4020.235683,679.383478,95.396230,0.000000,17.200000,25.063325
2005/01/01 01:44:22,4006.042858,682.075405,95.397528,0.000000,14.600000,25.341244
2005/01/01 01:44:23,4019.883344,684.847143,95.392499,0.000000,13.400000,25.269315
2005/01/01 01:44:24,4002.608042,687.599415,95.394283,0.000000,15.800000,25.590343
2005/01/01 01:44:25,4027.900510,690.393864,95.392499,0.000000,15.600000,25.372671
2005/01/01 01:44:26,3999.672536,693.182732,95.388281,0.000000,17.000000,25.836019
2005/01/01 01:44:27,4017.073395,695.997426,95.406612,0.000000,14.600000,25.716676
2005/01/01 01:44:28,4002.375421,698.763844,95.405314,0.000000,13.800000,26.008872
2005/01/01 01:44:29,4028.358939,701.620586,95.396230,0.000000,14.000000,25.779396
2005/01/01 01:44:30,4000.510557,704.451892,95.409856,0.000000,15.400000,26.245039
2005/01/01 01:44:31,4016.657791,707.298641,95.403368,0.000000,13.400000,26.139657
2005/01/01 01:44:32,3999.441861,710.109313,95.401259,0.000000,16.200000,26.469952
2005/01/01 01:44:33,4024.730435,713.040676,95.395906,0.000000,14.400000,26.246261
2005/01/01 01:44:34,4006.673564,715.854463,95.389904,0.000000,13.600000,26.587870
2005/01/01 01:44:35,4024.187327,718.746894,95.396230,0.000000,15.000000,26.463442
2005/01/01 01:44:36,4004.033943,721.660348,95.378386,0.000000,14.000000,26.838860
2005/01/01 01:44:37,4020.605541,724.584834,95.400448,0.000000,14.600000,26.725943
2005/01/01 01:44:38,4002.671308,727.506335,95.412290,0.000000,14.000000,27.074700
2005/01/01 01:44:39,4027.640636,730.469494,95.398501,0.000000,14.800000,26.848955
2005/01/01 01:44:40,4000.336334,733.359200,95.383739,0.000000,16.800000,27.324389
2005/01/01 01:44:41,4016.708403,736.332482,95.398339,0.000000,12.400000,27.211976
2005/01/01 01:44:42,4002.502925,739.342231,95.397366,0.000000,13.200000,27.517497
2005/01/01 01:44:43,4024.138662,742.308505,95.393310,0.000000,10.400000,27.331615
2005/01/01 01:44:44,4002.730680,745.348492,95.386335,0.000000,12.400000,27.737886
2005/01/01 01:44:45,4024.174674,748.343966,95.385361,0.000000,13.000000,27.553346
2005/01/01 01:44:46,4004.059249,751.371236,95.401908,0.000000,9.800000,27.943468
2005/01/01 01:44:47,4020.350534,754.396688,95.388119,0.000000,15.600000,27.829068
2005/01/01 01:44:48,3995.123279,757.393720,95.400610,0.000000,17.800000,28.293590
2005/01/01 01:44:49,4020.101366,760.485748,95.398988,0.000000,15.800000,28.057166
2005/01/01 01:44:50,4010.105459,763.496017,95.410992,0.000000,9.400000,28.308830
2005/01/01 01:44:51,4023.861268,766.591420,95.396879,0.000000,12.000000,28.229597
2005/01/01 01:44:52,4002.848450,769.740679,95.408234,0.000000,12.200000,28.643948
2005/01/01 01:44:53,4024.144501,772.823753,95.386010,0.000000,8.400000,28.455096
2005/01/01 01:44:54,4000.561169,775.946279,95.413425,0.000000,11.200000,28.907901
2005/01/01 01:44:55,4020.709686,779.113707,95.384064,0.000000,13.200000,28.735724
2005/01/01 01:44:56,4002.825091,782.228058,95.405314,0.000000,12.000000,29.108974
2005/01/01 01:44:57,4027.676648,785.389906,95.388930,0.000000,11.000000,28.867080
2005/01/01 01:44:58,4000.481357,788.516975,95.400610,0.000000,11.200000,29.377394
2005/01/01 01:44:59,4013.514969,791.728658,95.369140,0.000000,9.600000,29.305782
2005/01/01 01:45:00,4002.645028,794.927623,95.416345,0.000000,8.600000,29.584223
2005/01/01 01:45:01,4025.057467,798.139306,95.388444,0.000000,9.000000,29.373876
2005/01/01 01:45:02,4005.989326,801.356699,95.407910,0.000000,13.400000,29.773715
2005/01/01 01:45:03,4020.387520,804.572795,95.369951,0.000000,10.000000,29.679477
2005/01/01 01:45:04,4005.928007,807.832366,95.390066,0.000000,10.600000,30.015232
2005/01/01 01:45:05,4018.099265,811.103747,95.367842,0.000000,11.200000,29.954482
2005/01/01 01:45:06,3998.808235,814.364876,95.411154,0.000000,10.200000,30.365792
2005/01/01 01:45:07,3999.984968,817.696603,95.371735,0.000000,11.800000,30.472087
2005/01/01 01:45:08,4010.109352,820.952930,95.416669,0.000000,9.200000,30.439152
2005/01/01 01:45:09,4003.921039,824.298284,95.375791,0.000000,11.000000,30.657739
2005/01/01 01:45:10,4005.996139,827.603797,95.394446,0.000000,8.600000,30.748799
2005/01/01 01:45:11,4020.920894,830.947464,95.359569,0.000000,7.400000,30.644267
2005/01/01 01:45:12,4002.330649,834.269070,95.402557,0.000000,7.400000,31.053242
2005/01/01 01:45:13,4003.520035,837.681389,95.377899,0.000000,8.200000,31.161732
2005/01/01 01:45:14,4009.819306,841.075020,95.414398,0.000000,9.800000,31.189747
2005/01/01 01:45:15,4017.618449,844.452819,95.384875,0.000000,5.400000,31.193545
2005/01/01 01:45:16,3994.996748,847.838665,95.415858,0.000000,7.400000,31.674304
2005/01/01 01:45:17,3995.398726,851.285765,95.379684,0.000000,7.000000,31.796685
2005/01/01 01:45:18,4024.217500,854.740781,95.408072,0.000000,7.600000,31.470110
2005/01/01 01:45:19,4006.273533,858.196447,95.390552,0.000000,8.200000,31.881023
2005/01/01 01:45:20,4023.523529,861.643807,95.400285,0.000000,4.600000,31.735212
2005/01/01 01:45:21,3995.182651,865.107519,95.364760,0.000000,6.200000,32.316442
2005/01/01 01:45:22,4017.046142,868.615615,95.393797,0.000000,5.000000,32.095247
2005/01/01 01:45:23,4006.262826,872.150055,95.368329,0.000000,5.400000,32.399557
2005/01/01 01:45:24,4023.948866,875.651014,95.410181,0.000000,7.000000,32.244294
2005/01/01 01:45:25,4002.609016,879.155088,95.384550,0.000000,5.200000,32.719442
2005/01/01 01:45:26,4023.578034,882.731057,95.409694,0.000000,3.800000,32.510996
2005/01/01 01:45:27,4006.313438,886.300149,95.397366,0.000000,4.000000,32.924387
2005/01/01 01:45:28,4023.809682,889.869371,95.398177,0.000000,3.800000,32.770127
2005/01/01 01:45:29,4003.900600,893.455205,95.379522,0.000000,5.400000,33.230199
2005/01/01 01:45:30,4020.258069,897.014694,95.394770,0.000000,4.400000,33.091650
2005/01/01 01:45:31,3994.884817,900.696432,95.394121,0.000000,4.600000,33.650897
2005/01/01 01:45:32,4024.053010,904.326001,95.407585,0.000000,3.200000,33.298476
2005/01/01 01:45:33,4006.903265,907.939219,95.386335,0.000000,5.000000,33.718309
2005/01/01 01:45:34,4020.858602,911.648860,95.376115,0.000000,4.800000,33.621472
2005/01/01 01:45:35,3995.508710,915.339684,95.395906,0.000000,4.400000,34.187304
2005/01/01 01:45:36,4020.195777,919.036478,95.394770,0.000000,4.800000,33.905103
2005/01/01 01:45:37,4002.244997,922.742746,95.398177,0.000000,3.800000,34.347887
2005/01/01 01:45:38,4024.156181,926.449144,95.376602,0.000000,3.200000,34.111330
2005/01/01 01:45:39,4000.433665,930.199666,95.401421,0.000000,3.000000,34.656824
2005/01/01 01:45:40,4016.509847,933.969396,95.389417,0.000000,4.000000,34.519278
2005/01/01 01:45:41,4006.326091,937.724850,95.395257,0.000000,3.400000,34.834499
2005/01/01 01:45:42,4024.365443,941.483679,95.382604,0.000000,2.600000,34.661288
2005/01/01 01:45:43,4006.575259,945.307785,95.411316,0.000000,1.600000,35.111821
2005/01/01 01:45:44,4023.865161,949.094777,95.369626,0.000000,4.400000,34.950185
2005/01/01 01:45:45,4000.290588,952.915510,95.397690,0.000000,2.800000,35.505697
2005/01/01 01:45:46,4019.625417,956.796329,95.381306,0.000000,2.600000,35.308158
2005/01/01 01:45:47,4007.559277,960.639125,95.387632,0.000000,1.600000,35.663757
2005/01/01 01:45:48,4024.172727,964.523709,95.362489,0.000000,1.800000,35.512922
2005/01/01 01:45:49,3996.652351,968.409462,95.391850,0.000000,1.400000,36.148727
2005/01/01 01:45:50,4016.123443,972.354133,95.371735,0.000000,3.800000,35.944884
2005/01/01 01:45:51,4005.716799,976.219251,95.398826,0.000000,1.600000,36.275517
2005/01/01 01:45:52,4027.382708,980.179756,95.368491,0.000000,1.200000,36.031858
2005/01/01 01:45:53,3998.610653,984.175560,95.419914,0.000000,1.400000,36.701268
2005/01/01 01:45:54,4024.196087,988.109591,95.393310,0.000000,1.200000,36.380911
2005/01/01 01:45:55,4002.064935,992.123824,95.411803,0.000000,2.000000,36.933830
2005/01/01 01:45:56,4024.413135,996.138577,95.361515,0.000000,1.200000,36.672572
2005/01/01 01:45:57,3996.602712,1000.140482,95.389255,0.000000,3.000000,37.334108
2005/01/01 01:45:58,4012.904702,1004.235696,95.358271,0.000000,1.800000,37.183023
2005/01/01 01:45:59,4002.729706,1008.231373,95.387795,0.000000,1.400000,37.521000
2005/01/01 01:46:00,4024.523120,1012.297649,95.364760,0.000000,0.800000,37.265427
2005/01/01 01:46:01,4006.756295,1016.426866,95.414236,0.000000,1.000000,37.750005
2005/01/01 01:46:02,4023.892414,1020.492883,95.369302,0.000000,1.200000,37.578893
2005/01/01 01:46:03,4002.900036,1024.626643,95.394283,0.000000,1.000000,38.127900
2005/01/01 01:46:04,4024.749901,1028.764427,95.368653,0.000000,1.400000,37.867346
2005/01/01 01:46:05,4002.882516,1032.968786,95.407099,0.000000,0.800000,38.438660
2005/01/01 01:46:06,4024.594171,1037.108128,95.368166,0.000000,0.800000,38.177420
2005/01/01 01:46:07,4000.422959,1041.271869,95.404503,0.000000,1.400000,38.795294
2005/01/01 01:46:08,4016.520554,1045.473375,95.399961,0.000000,0.600000,38.640231
2005/01/01 01:46:09,3999.170307,1049.730815,95.387795,0.000000,0.400000,39.134958
2005/01/01 01:46:10,4027.620196,1053.982804,95.377413,0.000000,0.200000,38.740323
2005/01/01 01:46:11,4003.855827,1058.217924,95.374817,0.000000,0.800000,39.359084
2005/01/01 01:46:12,4021.032825,1062.490549,95.387795,0.000000,0.800000,39.181095
2005/01/01 01:46:13,3995.643027,1066.803925,95.408072,0.000000,1.200000,39.841710
2005/01/01 01:46:14,4027.903430,1071.126125,95.383901,0.000000,0.800000,39.364908
2005/01/01 01:46:15,4007.974881,1075.420425,95.383090,0.000000,0.200000,39.916737
2005/01/01 01:46:16,4020.764191,1079.753398,95.398501,0.000000,1.200000,39.823012
2005/01/01 01:46:17,3994.994802,1084.118297,95.377899,0.000000,0.200000,40.501487
2005/01/01 01:46:18,4020.342747,1088.500327,95.404341,0.000000,1.200000,40.154029
2005/01/01 01:46:19,4002.820224,1092.890144,95.396230,0.000000,1.400000,40.669709
2005/01/01 01:46:20,4024.823873,1097.328887,95.386659,0.000000,0.400000,40.389621
2005/01/01 01:46:21,4004.328857,1101.763608,95.374168,0.000000,0.800000,40.969030
2005/01/01 01:46:22,4021.685917,1106.190672,95.380008,0.000000,0.800000,40.779361
2005/01/01 01:46:23,3999.863305,1110.647586,95.364435,0.000000,0.400000,41.391647
2005/01/01 01:46:24,4024.497813,1115.138502,95.404341,0.000000,1.200000,41.051795
2005/01/01 01:46:25,4004.858338,1119.651350,95.372384,0.000000,0.800000,41.623176
2005/01/01 01:46:26,4020.969560,1124.190803,95.397528,0.000000,0.400000,41.457698
2005/01/01 01:46:27,3991.533707,1128.711699,95.381306,0.000000,0.400000,42.240607
2005/01/01 01:46:28,4017.707020,1133.293201,95.397203,0.000000,0.200000,41.861278
2005/01/01 01:46:29,4003.146283,1137.852123,95.363949,0.000000,0.600000,42.335981
2005/01/01 01:46:30,4007.776325,1142.448550,95.409856,0.000000,0.800000,42.408843
2005/01/01 01:46:31,4010.415945,1147.075865,95.370762,0.000000,0.400000,42.524580
2005/01/01 01:46:32,4021.202181,1151.697341,95.392012,0.000000,0.400000,42.467165
2005/01/01 01:46:33,4003.128764,1156.345292,95.339940,0.000000,0.000000,43.024432
2005/01/01 01:46:34,4021.526294,1161.006870,95.376926,0.000000,0.200000,42.803541
2005/01/01 01:46:35,4003.413944,1165.707382,95.358595,0.000000,0.400000,43.366591
2005/01/01 01:46:36,4004.726941,1170.455522,95.394446,0.000000,0.200000,43.514683
2005/01/01 01:46:37,4010.339054,1175.123851,95.353080,0.000000,0.200000,43.566050
2005/01/01 01:46:38,4021.821207,1179.878222,95.392337,0.000000,0.400000,43.492903
2005/01/01 01:46:39,3999.916837,1184.672565,95.380333,0.000000,0.400000,44.149230
2005/01/01 01:46:40,4000.404466,1189.419410,95.388606,0.000000,0.200000,44.315326
2005/01/01 01:46:41,4010.067500,1194.239450,95.368815,0.000000,0.200000,44.280730
2005/01/01 01:46:42,4028.700572,1199.054819,95.416183,0.000000,0.200000,44.048973
2005/01/01 01:46:43,4003.249454,1203.922619,95.360542,0.000000,0.200000,44.791953
2005/01/01 01:46:44,3996.827547,1208.796129,95.378386,0.000000,0.800000,45.117910
2005/01/01 01:46:45,4006.351398,1213.640960,95.359731,0.000000,0.400000,45.083630
2005/01/01 01:46:46,4004.087475,1218.485921,95.383415,0.000000,0.400000,45.314807
2005/01/01 01:46:47,4006.715416,1223.417055,95.363138,0.000000,0.400000,45.438529
2005/01/01 01:46:48,4028.987699,1228.342609,95.386010,0.000000,0.400000,45.118470
2005/01/01 01:46:49,4006.601538,1233.355503,95.362489,0.000000,0.800000,45.810254
2005/01/01 01:46:50,3996.947264,1238.340626,95.389904,0.000000,0.200000,46.217879
2005/01/01 01:46:51,4006.407850,1243.342102,95.364111,0.000000,0.000000,46.185649
2005/01/01 01:46:52,4007.795791,1248.333327,95.389417,0.000000,0.200000,46.338943
2005/01/01 01:46:53,4006.317332,1253.379837,95.377737,0.000000,0.600000,46.560619
2005/01/01 01:46:54,4020.708712,1258.442700,95.399637,0.000000,0.000000,46.414636
2005/01/01 01:46:55,4006.523674,1263.554619,95.368977,0.000000,0.400000,46.933757
2005/01/01 01:46:56,4021.542840,1268.682632,95.378548,0.000000,0.200000,46.772903
2005/01/01 01:46:57,4002.337462,1273.806103,95.351944,0.000000,0.800000,47.413569
2005/01/01 01:46:58,4003.877240,1278.914391,95.361678,0.000000,0.800000,47.567102
2005/01/01 01:46:59,4010.507437,1284.091203,95.364273,0.000000,0.800000,47.601863
2005/01/01 01:47:00,4021.727769,1289.267496,95.385686,0.000000,0.400000,47.527440
2005/01/01 01:47:01,4002.772532,1294.450538,95.371573,0.000000,1.000000,48.171522
2005/01/01 01:47:02,4000.216617,1299.710799,95.379846,0.000000,0.800000,48.429104
2005/01/01 01:47:03,4010.184297,1304.936411,95.377413,0.000000,0.600000,48.382401
2005/01/01 01:47:04,4004.126408,1310.234438,95.370113,0.000000,0.400000,48.725935
2005/01/01 01:47:05,4006.515887,1315.548430,95.373519,0.000000,0.400000,48.865217
2005/01/01 01:47:06,3996.763308,1320.842826,95.362651,0.000000,0.800000,49.301600
2005/01/01 01:47:07,4007.013249,1326.201203,95.369302,0.000000,0.400000,49.248679
2005/01/01 01:47:08,4028.676239,1331.517144,95.350809,0.000000,0.000000,48.915755
2005/01/01 01:47:09,4002.905876,1336.935351,95.368977,0.000000,0.600000,49.749232
2005/01/01 01:47:10,4017.810191,1342.299571,95.371573,0.000000,0.400000,49.578953
2005/01/01 01:47:11,3999.571311,1347.727124,95.360866,0.000000,0.200000,50.234468
2005/01/01 01:47:12,4003.485969,1353.201916,95.355838,0.000000,0.200000,50.339942
2005/01/01 01:47:13,4010.537609,1358.630379,95.381468,0.000000,0.600000,50.364307
2005/01/01 01:47:14,4004.109862,1364.122564,95.357947,0.000000,0.200000,50.730384
2005/01/01 01:47:15,4010.285522,1369.654721,95.372384,0.000000,0.000000,50.779362
2005/01/01 01:47:16,4025.164532,1375.163131,95.358109,0.000000,0.400000,50.607359
2005/01/01 01:47:17,4002.606096,1375.168192,95.382441,0.000000,0.600000,51.179595
2005/01/01 01:47:18,3996.441142,1370.237682,95.353729,0.000000,0.200000,51.153552
2005/01/01 01:47:19,4010.008128,1364.703708,95.370275,0.000000,1.000000,50.602805
2005/01/01 01:47:20,4028.870901,1359.195041,95.355513,0.000000,0.000000,49.927728
2005/01/01 01:47:21,4002.391967,1353.706102,95.373682,0.000000,0.800000,50.386232
2005/01/01 01:47:22,3988.864887,1348.281922,95.346105,0.000000,0.800000,50.525287
2005/01/01 01:47:23,4013.429317,1342.860599,95.403205,0.000000,0.000000,49.708015
2005/01/01 01:47:24,3998.804342,1337.448101,95.379035,0.000000,0.600000,49.870458
2005/01/01 01:47:25,4021.129183,1332.084531,95.398988,0.000000,0.600000,49.120464
2005/01/01 01:47:26,4006.215134,1326.693579,95.360218,0.000000,0.600000,49.286596
2005/01/01 01:47:27,4021.151569,1321.412159,95.399312,0.000000,0.000000,48.726379
2005/01/01 01:47:28,4002.169079,1316.050409,95.363786,0.000000,0.400000,48.990107
2005/01/01 01:47:29,4003.808135,1310.795206,95.387795,0.000000,0.400000,48.754539
2005/01/01 01:47:30,4010.203764,1305.518721,95.360055,0.000000,0.200000,48.403521
2005/01/01 01:47:31,4021.804661,1300.260276,95.396068,0.000000,0.200000,47.930844
2005/01/01 01:47:32,3998.656399,1295.014161,95.363624,0.000000,0.600000,48.291764
2005/01/01 01:47:33,3995.899981,1289.783620,95.368491,0.000000,0.200000,48.163093
2005/01/01 01:47:34,4020.604568,1284.614724,95.341725,0.000000,0.200000,47.382383
2005/01/01 01:47:35,4003.863614,1279.423118,95.403205,0.000000,1.200000,47.586348
2005/01/01 01:47:36,4020.445918,1274.308081,95.362164,0.000000,1.000000,47.005937
2005/01/01 01:47:37,3994.969495,1269.190450,95.405801,0.000000,0.600000,47.416183
2005/01/01 01:47:38,4024.766447,1264.051146,95.357298,0.000000,0.200000,46.527531
2005/01/01 01:47:39,4006.710549,1258.946494,95.393472,0.000000,0.200000,46.758230
2005/01/01 01:47:40,4024.297311,1253.893884,95.365084,0.000000,1.400000,46.164421
2005/01/01 01:47:41,3996.127736,1248.900842,95.387470,0.000000,0.400000,46.631133
2005/01/01 01:47:42,4020.578289,1243.839018,95.359407,0.000000,1.000000,45.878991
2005/01/01 01:47:43,4002.274197,1238.850131,95.383415,0.000000,0.400000,46.113897
2005/01/01 01:47:44,4028.026067,1233.857740,95.339616,0.000000,0.400000,45.342689
2005/01/01 01:47:45,3996.404156,1228.844067,95.394932,0.000000,0.200000,45.875911
2005/01/01 01:47:46,4013.291107,1223.914879,95.365571,0.000000,0.400000,45.308180
2005/01/01 01:47:47,4002.212878,1218.998929,95.392661,0.000000,0.400000,45.376363
2005/01/01 01:47:48,4027.855737,1214.142288,95.364760,0.000000,0.200000,44.621945
2005/01/01 01:47:49,4003.176456,1209.298496,95.401583,0.000000,0.200000,44.993603
2005/01/01 01:47:50,4024.461801,1204.419275,95.359082,0.000000,0.800000,44.339297
2005/01/01 01:47:51,4000.120259,1199.550307,95.401259,0.000000,0.200000,44.699133
2005/01/01 01:47:52,4020.524757,1194.751031,95.358433,0.000000,0.200000,44.069555
2005/01/01 01:47:53,4002.541857,1189.933975,95.405963,0.000000,0.800000,44.287160
2005/01/01 01:47:54,4028.143838,1185.096935,95.368491,0.000000,0.600000,43.548246
2005/01/01 01:47:55,4000.521263,1180.381756,95.384064,0.000000,0.200000,43.976033
2005/01/01 01:47:56,4017.090914,1175.628423,95.348051,0.000000,0.600000,43.438366
2005/01/01 01:47:57,3998.716744,1170.883785,95.390877,0.000000,0.200000,43.661559
2005/01/01 01:47:58,4025.507137,1166.207282,95.358271,0.000000,0.200000,42.910273
2005/01/01 01:47:59,4010.508410,1161.504823,95.393472,0.000000,0.400000,43.057507
2005/01/01 01:48:00,4024.369336,1156.823130,95.354216,0.000000,0.400000,42.589058
2005/01/01 01:48:01,3999.675455,1152.126642,95.378548,0.000000,0.800000,42.941523
2005/01/01 01:48:02,4028.116585,1147.528267,95.349349,0.000000,0.800000,42.168297
2005/01/01 01:48:03,4004.491400,1142.891608,95.389579,0.000000,0.200000,42.494923
2005/01/01 01:48:04,4020.898508,1138.335930,95.368329,0.000000,0.200000,41.980823
2005/01/01 01:48:05,3996.718536,1133.767924,95.412452,0.000000,0.400000,42.319816
2005/01/01 01:48:06,4020.719419,1129.202903,95.369140,0.000000,0.600000,41.647715
2005/01/01 01:48:07,4003.250428,1124.654884,95.372708,0.000000,0.400000,41.842776
2005/01/01 01:48:08,4028.214889,1120.078445,95.352431,0.000000,0.200000,41.157587
2005/01/01 01:48:09,3996.941424,1115.574032,95.399150,0.000000,0.400000,41.636054
2005/01/01 01:48:10,4013.399145,1111.127629,95.362326,0.000000,0.400000,41.130687
2005/01/01 01:48:11,4003.246535,1106.644630,95.389579,0.000000,0.600000,41.172784
2005/01/01 01:48:12,4028.790116,1102.203290,95.365895,0.000000,1.200000,40.489195
2005/01/01 01:48:13,4006.613218,1097.769348,95.414561,0.000000,0.600000,40.773969
2005/01/01 01:48:14,4020.922841,1093.325803,95.357784,0.000000,0.600000,40.320402
2005/01/01 01:48:15,4006.251146,1088.937154,95.396554,0.000000,0.800000,40.453230
2005/01/01 01:48:16,4027.706821,1084.590553,95.369788,0.000000,1.000000,39.863630
2005/01/01 01:48:17,4003.484996,1080.191134,95.405639,0.000000,1.000000,40.183793
2005/01/01 01:48:18,4020.992919,1075.881780,95.353891,0.000000,1.000000,39.675706
2005/01/01 01:48:19,3994.814739,1071.558410,95.388930,0.000000,0.800000,40.035872
2005/01/01 01:48:20,4020.657127,1067.252172,95.350971,0.000000,0.400000,39.364043
2005/01/01 01:48:21,4010.194030,1062.936590,95.374655,0.000000,0.800000,39.409717
2005/01/01 01:48:22,4028.245062,1058.687714,95.367355,0.000000,0.400000,38.901185
2005/01/01 01:48:23,4003.191056,1054.416257,95.414074,0.000000,0.800000,39.230712
2005/01/01 01:48:24,4020.425479,1050.177245,95.381144,0.000000,1.000000,38.738723
2005/01/01 01:48:25,3995.135932,1045.912018,95.403530,0.000000,1.400000,39.071381
2005/01/01 01:48:26,4024.386856,1041.691046,95.365084,0.000000,0.600000,38.350075
2005/01/01 01:48:27,4007.107660,1037.522244,95.415534,0.000000,0.800000,38.526728
2005/01/01 01:48:28,4024.566919,1033.324633,95.386497,0.000000,0.400000,38.038660
2005/01/01 01:48:29,3995.182651,1029.189833,95.410019,0.000000,1.000000,38.445803
2005/01/01 01:48:30,4020.419639,1025.082806,95.363624,0.000000,1.200000,37.813154
2005/01/01 01:48:31,4006.328038,1020.936847,95.397203,0.000000,0.800000,37.925612
2005/01/01 01:48:32,4024.666196,1016.824500,95.349349,0.000000,2.400000,37.429412
2005/01/01 01:48:33,3996.226040,1012.758743,95.391850,0.000000,1.600000,37.812260
2005/01/01 01:48:34,4012.941688,1008.654962,95.376764,0.000000,2.200000,37.345963
2005/01/01 01:48:35,3998.944499,1004.598680,95.408072,0.000000,3.200000,37.456619
2005/01/01 01:48:36,4000.003461,1000.588080,95.382604,0.000000,1.400000,37.287333
2005/01/01 01:48:37,4013.289160,996.541142,95.411965,0.000000,1.000000,36.891054
2005/01/01 01:48:38,4024.637970,992.475387,95.394121,0.000000,1.600000,36.533631
2005/01/01 01:48:39,4002.315076,988.552776,95.418616,0.000000,1.200000,36.796291
2005/01/01 01:48:40,4017.036409,984.542047,95.396392,0.000000,1.400000,36.378892
2005/01/01 01:48:41,4001.810900,980.618139,95.425267,0.000000,2.800000,36.510142
2005/01/01 01:48:42,4003.256268,976.662956,95.377899,0.000000,3.200000,36.336631
2005/01/01 01:48:43,4009.904957,972.707772,95.400772,0.000000,3.000000,36.069569
2005/01/01 01:48:44,4020.869309,968.833050,95.374331,0.000000,2.800000,35.730226
2005/01/01 01:48:45,3999.044750,964.907457,95.388444,0.000000,3.400000,35.974922
2005/01/01 01:48:46,3999.529459,961.005353,95.386010,0.000000,3.600000,35.820755
2005/01/01 01:48:47,4009.452367,957.191367,95.403692,0.000000,1.600000,35.502210
2005/01/01 01:48:48,4024.730435,953.290173,95.385361,0.000000,1.200000,35.089586
2005/01/01 01:48:49,3999.015550,949.468012,95.415696,0.000000,3.200000,35.399806
2005/01/01 01:48:50,3991.988243,945.699190,95.391039,0.000000,3.000000,35.383537
2005/01/01 01:48:51,4016.587712,941.926085,95.412290,0.000000,2.800000,34.812005
2005/01/01 01:48:52,3998.429617,938.111712,95.402881,0.000000,4.400000,34.986651
2005/01/01 01:48:53,4027.896617,934.350547,95.401097,0.000000,4.600000,34.338391
2005/01/01 01:48:54,3999.501233,930.586917,95.382117,0.000000,4.200000,34.687420
2005/01/01 01:48:55,4016.750255,926.820822,95.388444,0.000000,3.800000,34.250968
2005/01/01 01:48:56,4001.817714,923.116890,95.383901,0.000000,2.400000,34.369152
2005/01/01 01:48:57,4024.061770,919.417759,95.396230,0.000000,4.200000,33.854027
2005/01/01 01:48:58,4002.290743,915.722003,95.392986,0.000000,6.800000,34.085770
2005/01/01 01:48:59,4024.323591,912.033126,95.391526,0.000000,3.400000,33.577747
2005/01/01 01:49:00,3996.194894,908.340096,95.385848,0.000000,5.000000,33.914225
2005/01/01 01:49:01,4016.283066,904.705985,95.393472,0.000000,6.600000,33.441486
2005/01/01 01:49:02,4005.857929,901.062530,95.410830,0.000000,5.200000,33.480395
2005/01/01 01:49:03,4027.341829,897.413884,95.405963,0.000000,4.200000,32.990016
2005/01/01 01:49:04,4002.127227,893.827791,95.404665,0.000000,6.000000,33.273524
2005/01/01 01:49:05,4027.750620,890.199910,95.389255,0.000000,7.200000,32.718179
2005/01/01 01:49:06,4002.937022,886.619917,95.415534,0.000000,5.200000,32.991852
2005/01/01 01:49:07,4016.153616,883.115583,95.377088,0.000000,5.600000,32.645524
2005/01/01 01:49:08,3994.525666,879.541819,95.407910,0.000000,7.000000,32.866450
2005/01/01 01:49:09,4024.059823,876.019966,95.396879,0.000000,9.800000,32.256101
2005/01/01 01:49:10,4002.395860,872.458013,95.412938,0.000000,4.600000,32.473656
2005/01/01 01:49:11,4027.954042,868.992873,95.383577,0.000000,5.800000,31.935515
2005/01/01 01:49:12,4003.078152,865.493732,95.416021,0.000000,8.800000,32.203459
2005/01/01 01:49:13,4016.616912,861.949429,95.403530,0.000000,7.000000,31.855739
2005/01/01 01:49:14,3998.561987,858.512450,95.417967,0.000000,6.200000,32.015896
2005/01/01 01:49:15,4027.366162,855.075083,95.379522,0.000000,10.000000,31.433211
2005/01/01 01:49:16,4003.192029,851.610723,95.413750,0.000000,8.000000,31.685094
2005/01/01 01:49:17,4016.407650,848.220465,95.392986,0.000000,7.400000,31.351614
2005/01/01 01:49:18,3994.973389,844.831375,95.402070,0.000000,7.800000,31.562325
2005/01/01 01:49:19,4023.980012,841.375710,95.373844,0.000000,10.000000,30.981688
2005/01/01 01:49:20,4006.054538,838.044371,95.415372,0.000000,11.400000,31.135800
2005/01/01 01:49:21,4023.620860,834.654633,95.396717,0.000000,9.800000,30.739687
2005/01/01 01:49:22,3995.585602,831.254124,95.425916,0.000000,8.400000,31.045572
2005/01/01 01:49:23,4020.166578,827.941862,95.390390,0.000000,10.000000,30.544884
2005/01/01 01:49:24,4002.178812,824.590928,95.423158,0.000000,9.600000,30.695330
2005/01/01 01:49:25,4027.315550,821.267766,95.388606,0.000000,11.000000,30.191187
2005/01/01 01:49:26,3999.692002,818.008843,95.415534,0.000000,10.800000,30.488189
2005/01/01 01:49:27,4016.419330,814.685032,95.383901,0.000000,9.600000,30.111915
2005/01/01 01:49:28,4001.948137,811.420659,95.419103,0.000000,10.200000,30.208550
2005/01/01 01:49:29,4027.400228,808.150965,95.386497,0.000000,10.800000,29.707742
2005/01/01 01:49:30,4005.914381,804.950961,95.402719,0.000000,11.200000,29.908376
2005/01/01 01:49:31,4024.353763,801.668680,95.403205,0.000000,13.600000,29.514086
2005/01/01 01:49:32,3999.523619,798.468806,95.412290,0.000000,16.000000,29.762414
2005/01/01 01:49:33,4020.220110,795.264779,95.409532,0.000000,11.600000,29.338561
2005/01/01 01:49:34,4002.235264,792.058547,95.401583,0.000000,14.000000,29.483483
2005/01/01 01:49:35,4023.962492,788.835704,95.403368,0.000000,14.600000,29.047278
2005/01/01 01:49:36,3995.644000,785.710062,95.410019,0.000000,14.200000,29.343740
2005/01/01 01:49:37,4013.218109,782.571444,95.404665,0.000000,15.800000,28.971114
2005/01/01 01:49:38,3998.524028,779.422313,95.389255,0.000000,16.400000,29.066995
2005/01/01 01:49:39,3999.040857,776.273962,95.410343,0.000000,13.000000,28.942102
2005/01/01 01:49:40,4009.861158,773.139496,95.384064,0.000000,15.200000,28.669883
2005/01/01 01:49:41,4024.187327,770.046170,95.404503,0.000000,14.200000,28.352223
2005/01/01 01:49:42,4002.413380,766.968287,95.379846,0.000000,15.600000,28.546985
2005/01/01 01:49:43,4020.638634,763.820196,95.396068,0.000000,15.000000,28.172655
2005/01/01 01:49:44,4001.961764,760.787605,95.380657,0.000000,15.000000,28.323328
2005/01/01 01:49:45,4003.159910,757.715304,95.413912,0.000000,16.000000,28.192066
2005/01/01 01:49:46,4009.512713,754.701660,95.392337,0.000000,13.600000,27.991028
2005/01/01 01:49:47,4021.328712,751.616251,95.428998,0.000000,16.200000,27.713013
2005/01/01 01:49:48,3998.695331,748.604815,95.378548,0.000000,14.600000,27.915327
2005/01/01 01:49:49,3995.986606,745.641914,95.413750,0.000000,18.800000,27.842549
2005/01/01 01:49:50,4006.647284,742.624508,95.379197,0.000000,12.800000,27.582510
2005/01/01 01:49:51,4003.348732,739.654730,95.423320,0.000000,20.600000,27.517497
2005/01/01 01:49:52,4006.429262,736.650951,95.376764,0.000000,16.800000,27.363618
2005/01/01 01:49:53,4003.584274,733.681562,95.402070,0.000000,14.200000,27.292064
2005/01/01 01:49:54,4010.079180,730.719052,95.371897,0.000000,16.800000,27.093884
2005/01/01 01:49:55,4021.237221,727.827918,95.394932,0.000000,15.600000,26.837129
2005/01/01 01:49:56,3998.764436,724.861645,95.380333,0.000000,18.600000,27.029014
2005/01/01 01:49:57,3999.616083,721.966748,95.406774,0.000000,15.600000,26.909604
2005/01/01 01:49:58,4009.962382,719.066271,95.392012,0.000000,17.000000,26.663371
2005/01/01 01:49:59,4028.242142,716.173191,95.403530,0.000000,19.400000,26.315623
2005/01/01 01:50:00,4002.803678,713.271417,95.386335,0.000000,19.200000,26.543181
2005/01/01 01:50:01,3995.925287,710.442576,95.412776,0.000000,19.200000,26.529007
2005/01/01 01:50:02,4006.923705,707.603743,95.405963,0.000000,17.400000,26.278145
2005/01/01 01:50:03,4003.522955,704.706771,95.389904,0.000000,20.400000,26.215040
2005/01/01 01:50:04,4005.903674,701.864044,95.399312,0.000000,15.600000,26.078267
2005/01/01 01:50:05,4020.721366,699.097886,95.387632,0.000000,16.200000,25.784384
2005/01/01 01:50:06,4002.150586,696.247374,95.395743,0.000000,18.000000,25.918117
2005/01/01 01:50:07,4002.449393,693.485108,95.380008,0.000000,16.600000,25.811436
2005/01/01 01:50:08,4009.711268,690.643551,95.403368,0.000000,19.600000,25.612648
2005/01/01 01:50:09,4024.835552,687.879859,95.385686,0.000000,18.800000,25.318796
2005/01/01 01:50:10,4001.950084,685.148091,95.407910,0.000000,16.400000,25.507497
2005/01/01 01:50:11,3995.353953,682.395690,95.382117,0.000000,17.200000,25.488982
2005/01/01 01:50:12,4006.356264,679.628883,95.415047,0.000000,18.600000,25.246398
2005/01/01 01:50:13,4006.950957,676.915285,95.392986,0.000000,17.800000,25.138132
2005/01/01 01:50:14,4005.585402,674.230237,95.409532,0.000000,17.400000,25.055494
2005/01/01 01:50:15,4021.080517,671.504051,95.396554,0.000000,11.600000,24.762234
2005/01/01 01:50:16,4002.134040,668.794216,95.407099,0.000000,16.000000,24.896367
2005/01/01 01:50:17,4002.843584,666.147193,95.378224,0.000000,15.400000,24.789039
2005/01/01 01:50:18,4013.263854,663.444366,95.406125,0.000000,17.600000,24.560421
2005/01/01 01:50:19,4024.272005,660.769961,95.391850,0.000000,15.600000,24.327774
2005/01/01 01:50:20,3998.532788,658.130984,95.419589,0.000000,15.400000,24.543571
2005/01/01 01:50:21,3995.086293,655.464105,95.403368,0.000000,13.000000,24.486308
2005/01/01 01:50:22,4005.904648,652.822663,95.407585,0.000000,14.400000,24.256087
2005/01/01 01:50:23,4006.768948,650.236765,95.393797,0.000000,14.000000,24.149584
2005/01/01 01:50:24,4006.025338,647.576635,95.402232,0.000000,15.200000,24.059717
2005/01/01 01:50:25,4024.896871,645.008646,95.413263,0.000000,18.200000,23.740111
2005/01/01 01:50:26,4005.975699,642.416908,95.399961,0.000000,19.600000,23.868607
2005/01/01 01:50:27,4017.424760,639.820498,95.414885,0.000000,19.000000,23.636838
2005/01/01 01:50:28,4001.711623,637.227982,95.381468,0.000000,17.600000,23.726298
2005/01/01 01:50:29,4003.246535,634.713460,95.393472,0.000000,16.000000,23.614555
2005/01/01 01:50:30,4009.743387,632.109653,95.365571,0.000000,16.800000,23.441532
2005/01/01 01:50:31,4020.725259,629.594224,95.412614,0.000000,17.000000,23.220880
2005/01/01 01:50:32,3998.200889,627.052839,95.377413,0.000000,17.400000,23.388461
2005/01/01 01:50:33,3998.975645,624.522875,95.416994,0.000000,16.600000,23.285071
2005/01/01 01:50:34,4009.667469,622.057409,95.393635,0.000000,15.400000,23.069622
2005/01/01 01:50:35,4028.482550,619.532896,95.435162,0.000000,18.200000,22.761880
2005/01/01 01:50:36,4002.311182,617.063017,95.404990,0.000000,14.400000,22.968601
2005/01/01 01:50:37,3995.867862,614.555115,95.415372,0.000000,13.600000,22.949083
2005/01/01 01:50:38,4002.099974,612.086795,95.388119,0.000000,13.200000,22.785779
2005/01/01 01:50:39,4007.224458,609.623536,95.403205,0.000000,10.600000,22.636075
2005/01/01 01:50:40,4005.734318,607.208293,95.395581,0.000000,11.600000,22.563171
2005/01/01 01:50:41,4003.409078,604.762164,95.390877,0.000000,13.800000,22.498388
2005/01/01 01:50:42,4005.696359,602.330571,95.403043,0.000000,14.000000,22.382345
2005/01/01 01:50:43,4020.551036,599.879251,95.387470,0.000000,15.200000,22.126841
2005/01/01 01:50:44,4001.817714,597.460116,95.426240,0.000000,12.400000,22.244418
2005/01/01 01:50:45,4003.289360,595.076279,95.393797,0.000000,11.000000,22.139377
2005/01/01 01:50:46,4010.218363,592.729818,95.414723,0.000000,11.800000,21.975940
2005/01/01 01:50:47,4020.903375,590.311073,95.403043,0.000000,12.000000,21.770098
2005/01/01 01:50:48,3998.427670,587.983948,95.412614,0.000000,12.400000,21.928742
2005/01/01 01:50:49,3995.641080,585.551966,95.391526,0.000000,15.000000,21.868512
2005/01/01 01:50:50,4009.897171,583.204078,95.443111,0.000000,9.000000,21.626230
2005/01/01 01:50:51,4002.755986,580.864625,95.398663,0.000000,10.400000,21.616403
2005/01/01 01:50:52,4005.821916,578.530233,95.406288,0.000000,11.400000,21.496587
2005/01/01 01:50:53,4020.408933,576.172612,95.390877,0.000000,7.400000,21.253912
2005/01/01 01:50:54,4002.037682,573.897528,95.414074,0.000000,12.600000,21.364795
2005/01/01 01:50:55,4002.955514,571.558854,95.410505,0.000000,9.200000,21.267976
2005/01/01 01:50:56,4009.651896,569.287534,95.409532,0.000000,11.800000,21.112763
2005/01/01 01:50:57,4020.403093,567.015565,95.410667,0.000000,10.400000,20.916187
2005/01/01 01:50:58,3998.389711,564.712839,95.415372,0.000000,7.600000,21.061250
2005/01/01 01:50:59,3995.295555,562.444244,95.418129,0.000000,10.000000,21.009145
2005/01/01 01:51:00,4023.797029,560.217047,95.400772,0.000000,12.600000,20.630555
2005/01/01 01:51:01,4003.282547,557.945987,95.425591,0.000000,10.000000,20.758043
2005/01/01 01:51:02,4009.955569,555.713859,95.390066,0.000000,9.000000,20.606244
2005/01/01 01:51:03,4003.215389,553.502235,95.421860,0.000000,6.600000,20.593407
2005/01/01 01:51:04,4009.659683,551.226633,95.361191,0.000000,8.200000,20.442871
2005/01/01 01:51:05,4020.880015,549.032788,95.416507,0.000000,8.400000,20.248030
2005/01/01 01:51:06,4002.057148,546.850624,95.387470,0.000000,7.000000,20.357707
2005/01/01 01:51:07,4002.988607,544.591374,95.421374,0.000000,7.400000,20.264168
2005/01/01 01:51:08,4009.552618,542.438798,95.393310,0.000000,6.200000,20.118039
2005/01/01 01:51:09,4021.168115,540.212121,95.407423,0.000000,7.400000,19.919874
2005/01/01 01:51:10,3998.393605,538.067721,95.403043,0.000000,5.800000,20.067468
2005/01/01 01:51:11,3995.002588,535.929551,95.408072,0.000000,7.200000,20.021670
2005/01/01 01:51:12,4006.297865,533.753487,95.397528,0.000000,9.000000,19.828095
2005/01/01 01:51:13,4002.782265,531.607790,95.386010,0.000000,6.200000,19.783090
2005/01/01 01:51:14,4006.266719,529.492460,95.418129,0.000000,6.600000,19.670110
2005/01/01 01:51:15,4002.926315,527.314319,95.364273,0.000000,6.800000,19.621902
2005/01/01 01:51:16,4006.157709,525.245579,95.415534,0.000000,4.400000,19.513405
2005/01/01 01:51:17,4020.807017,523.143486,95.376439,0.000000,5.000000,19.293948
2005/01/01 01:51:18,4002.242077,520.961972,95.416183,0.000000,5.000000,19.392154
2005/01/01 01:51:19,4002.685907,518.877658,95.383415,0.000000,6.200000,19.310285
2005/01/01 01:51:20,4010.006181,516.837988,95.418129,0.000000,3.400000,19.164217
2005/01/01 01:51:21,4020.857629,514.764057,95.400123,0.000000,5.600000,18.984430
2005/01/01 01:51:22,3998.229115,512.671178,95.396068,0.000000,5.000000,19.121866
2005/01/01 01:51:23,3995.502870,510.636958,95.385848,0.000000,6.000000,19.071993
2005/01/01 01:51:24,4010.028568,508.594433,95.410505,0.000000,3.400000,18.858337
2005/01/01 01:51:25,4003.349706,506.552167,95.418292,0.000000,4.800000,18.845334
2005/01/01 01:51:26,4006.143109,504.516390,95.404503,0.000000,4.600000,18.743431
2005/01/01 01:51:27,4002.724840,502.513446,95.397852,0.000000,4.400000,18.700919
2005/01/01 01:51:28,4005.807317,500.455478,95.380657,0.000000,4.600000,18.595680
2005/01/01 01:51:29,4021.122370,498.423984,95.418616,0.000000,3.000000,18.379390
2005/01/01 01:51:30,3998.583400,496.425452,95.403368,0.000000,2.400000,18.512644
2005/01/01 01:51:31,4003.149203,494.450151,95.431756,0.000000,3.400000,18.396944
2005/01/01 01:51:32,4009.777453,492.412687,95.395743,0.000000,4.200000,18.260616
2005/01/01 01:51:33,4003.265027,490.461913,95.423320,0.000000,2.800000,18.247498
2005/01/01 01:51:34,4005.499750,488.494008,95.388606,0.000000,3.200000,18.154009
2005/01/01 01:51:35,4021.088304,486.533891,95.392823,0.000000,4.600000,17.941246
2005/01/01 01:51:36,4001.851779,484.600896,95.413101,0.000000,3.200000,18.042177
2005/01/01 01:51:37,4002.587603,482.663229,95.390228,0.000000,3.400000,17.963429
2005/01/01 01:51:38,4009.682069,480.707654,95.410019,0.000000,2.000000,17.827395
2005/01/01 01:51:39,4020.968587,478.748185,95.385037,0.000000,2.000000,17.655195
2005/01/01 01:51:40,3998.432537,476.840107,95.415534,0.000000,2.200000,17.783611
2005/01/01 01:51:41,3999.457434,474.916456,95.374817,0.000000,3.200000,17.702793
2005/01/01 01:51:42,4010.291362,473.014348,95.412776,0.000000,1.000000,17.536753
2005/01/01 01:51:43,4025.149932,471.104843,95.392661,0.000000,3.200000,17.337248
2005/01/01 01:51:44,4002.212878,469.250751,95.419589,0.000000,1.600000,17.467523
2005/01/01 01:51:45,4002.541857,467.373690,95.398339,0.000000,1.800000,17.394791
2005/01/01 01:51:46,4009.737547,465.493254,95.428674,0.000000,2.600000,17.262680
2005/01/01 01:51:47,4024.293418,463.551046,95.398177,0.000000,2.600000,17.066522
2005/01/01 01:51:48,4001.969550,461.722520,95.412127,0.000000,2.000000,17.189381
2005/01/01 01:51:49,4020.588995,459.888674,95.417156,0.000000,1.400000,16.962899
2005/01/01 01:51:50,4002.267383,458.029652,95.385037,0.000000,1.600000,17.049362
2005/01/01 01:51:51,3995.976873,456.171018,95.404503,0.000000,1.600000,17.033680
2005/01/01 01:51:52,4005.603894,454.331852,95.391039,0.000000,2.200000,16.883556
2005/01/01 01:51:53,4028.504936,452.549526,95.389904,0.000000,1.000000,16.626661
2005/01/01 01:51:54,4006.218054,450.698290,95.393635,0.000000,1.800000,16.743393
2005/01/01 01:51:55,4017.268057,448.913369,95.422347,0.000000,0.800000,16.585465
2005/01/01 01:51:56,3998.662238,447.123517,95.373519,0.000000,1.200000,16.673424
2005/01/01 01:51:57,4003.053819,445.324191,95.420401,0.000000,1.400000,16.569910
2005/01/01 01:51:58,4009.872838,443.551339,95.400448,0.000000,1.000000,16.447861
2005/01/01 01:51:59,4003.418811,441.748120,95.405152,0.000000,1.600000,16.433853
2005/01/01 01:52:00,4006.029231,439.978772,95.405639,0.000000,1.000000,16.346705
2005/01/01 01:52:01,3995.498977,438.188141,95.377575,0.000000,1.600000,16.366104
2005/01/01 01:52:02,4006.018525,436.452665,95.413425,0.000000,1.000000,16.215785
2005/01/01 01:52:03,4006.588885,434.663851,95.357784,0.000000,1.400000,16.144726
2005/01/01 01:52:04,4005.967913,432.930321,95.393148,0.000000,0.400000,16.085324
2005/01/01 01:52:05,4020.536436,431.214441,95.374006,0.000000,0.600000,15.905672
2005/01/01 01:52:06,3998.528895,429.473773,95.407585,0.000000,1.000000,16.016326
2005/01/01 01:52:07,3999.150841,427.734533,95.389741,0.000000,0.800000,15.946504
2005/01/01 01:52:08,4010.076260,426.018783,95.387632,0.000000,0.600000,15.796112
2005/01/01 01:52:09,4003.362359,424.305109,95.392175,0.000000,1.400000,15.785385
2005/01/01 01:52:10,4006.030205,422.566778,95.401583,0.000000,0.800000,15.699783
2005/01/01 01:52:11,4021.209968,420.910983,95.408396,0.000000,0.800000,15.520421
2005/01/01 01:52:12,4001.966630,419.244028,95.377737,0.000000,1.000000,15.607980
2005/01/01 01:52:13,3999.353289,417.522048,95.411803,0.000000,1.600000,15.564193
2005/01/01 01:52:14,4009.815412,415.871185,95.384226,0.000000,1.000000,15.421861
2005/01/01 01:52:15,4024.829713,414.206826,95.401908,0.000000,0.800000,15.245756
2005/01/01 01:52:16,3998.501642,412.570887,95.371897,0.000000,0.800000,15.386178
2005/01/01 01:52:17,3995.799730,410.904970,95.408072,0.000000,0.400000,15.344781
2005/01/01 01:52:18,4006.391303,409.226595,95.389255,0.000000,0.400000,15.201409
2005/01/01 01:52:19,4002.928262,407.652688,95.385361,0.000000,0.400000,15.169156
2005/01/01 01:52:20,4009.578898,405.985214,95.412452,0.000000,0.000000,15.057034
2005/01/01 01:52:21,4024.457908,404.369910,95.387308,0.000000,1.200000,14.886438
2005/01/01 01:52:22,4001.962737,402.703474,95.412290,0.000000,0.400000,14.992223
2005/01/01 01:52:23,3999.240385,401.107247,95.379035,0.000000,0.200000,14.953134
2005/01/01 01:52:24,4008.988098,399.496354,95.421536,0.000000,0.400000,14.820744
2005/01/01 01:52:25,4024.494893,397.875989,95.374493,0.000000,0.200000,14.647102
2005/01/01 01:52:26,4002.034762,396.273272,95.403692,0.000000,0.400000,14.752302
2005/01/01 01:52:27,3991.580426,394.674709,95.385037,0.000000,0.200000,14.769856
2005/01/01 01:52:28,4019.988462,393.132078,95.391850,0.000000,0.200000,14.504929
2005/01/01 01:52:29,4003.046032,391.536500,95.397852,0.000000,0.200000,14.568600
2005/01/01 01:52:30,4006.078870,389.925738,95.386010,0.000000,0.000000,14.486706
2005/01/01 01:52:31,4002.695640,388.393230,95.414885,0.000000,0.000000,14.454173
2005/01/01 01:52:32,4009.513686,386.838920,95.386984,0.000000,0.600000,14.347409
2005/01/01 01:52:33,4024.391723,385.283441,95.420887,0.000000,0.200000,14.184257
2005/01/01 01:52:34,3998.167796,383.760407,95.388444,0.000000,0.000000,14.314127
2005/01/01 01:52:35,3999.263745,382.232441,95.416994,0.000000,0.200000,14.249321
2005/01/01 01:52:36,4010.191111,380.688643,95.390390,0.000000,0.000000,14.114533
2005/01/01 01:52:37,4003.329266,379.153150,95.386497,0.000000,1.200000,14.105834
2005/01/01 01:52:38,4005.873502,377.621940,95.386335,0.000000,0.400000,14.031028
2005/01/01 01:52:39,4017.164886,376.133296,95.366706,0.000000,0.000000,13.897260
2005/01/01 01:52:40,3998.303087,374.587811,95.423969,0.000000,0.000000,13.971047
2005/01/01 01:52:41,4002.663521,373.120450,95.381630,0.000000,0.200000,13.886015
2005/01/01 01:52:42,4010.343920,371.561208,95.404990,0.000000,0.000000,13.775071
2005/01/01 01:52:43,4003.056739,370.092550,95.369626,0.000000,0.000000,13.770623
2005/01/01 01:52:44,4005.382953,368.605204,95.414074,0.000000,0.400000,13.699354
2005/01/01 01:52:45,4003.400318,367.139400,95.408721,0.000000,0.600000,13.658396
2005/01/01 01:52:46,4005.633094,365.635702,95.393797,0.000000,0.200000,13.587295
2005/01/01 01:52:47,4020.659074,364.166135,95.427051,0.000000,0.200000,13.431725
2005/01/01 01:52:48,3998.106478,362.740432,95.412127,0.000000,0.000000,13.530504
2005/01/01 01:52:49,3999.072976,361.271644,95.412614,0.000000,0.200000,13.469204
2005/01/01 01:52:50,4009.933183,359.847888,95.370275,0.000000,0.000000,13.343551
2005/01/01 01:52:51,4003.521982,358.375725,95.403368,0.000000,0.200000,13.331557
2005/01/01 01:52:52,4005.929954,356.929777,95.393148,0.000000,0.000000,13.261810
2005/01/01 01:52:53,4020.624034,355.520426,95.414236,0.000000,0.000000,13.113069
2005/01/01 01:52:54,4002.135986,354.046836,95.387795,0.000000,0.200000,13.179647
2005/01/01 01:52:55,4007.081381,352.646439,95.394770,0.000000,0.400000,13.095133
2005/01/01 01:52:56,4006.133376,351.199323,95.407423,0.000000,0.200000,13.047569
2005/01/01 01:52:57,4017.195059,349.855897,95.389092,0.000000,0.000000,12.926177
2005/01/01 01:52:58,4002.254730,348.452516,95.416832,0.000000,0.000000,12.970624
2005/01/01 01:52:59,4003.155043,347.039531,95.383415,0.000000,0.200000,12.912218
2005/01/01 01:53:00,4009.833905,345.601499,95.382279,0.000000,0.400000,12.815914
2005/01/01 01:53:01,4003.214415,344.254959,95.397041,0.000000,0.000000,12.808233
2005/01/01 01:53:02,4006.049671,342.893754,95.384064,0.000000,0.000000,12.739537
2005/01/01 01:53:03,4020.906295,341.465456,95.396554,0.000000,0.000000,12.592896
2005/01/01 01:53:04,4001.999723,340.128389,95.370924,0.000000,0.200000,12.662385
2005/01/01 01:53:05,4002.595389,338.767573,95.414074,0.000000,0.000000,12.607970
2005/01/01 01:53:06,4013.512049,337.418697,95.390390,0.000000,0.000000,12.489548
2005/01/01 01:53:07,4024.626291,336.053339,95.424132,0.000000,0.000000,12.370402
2005/01/01 01:53:08,3998.258314,334.702517,95.384064,0.000000,0.000000,12.483720
2005/01/01 01:53:09,3995.640107,333.343388,95.420725,0.000000,0.000000,12.449326
2005/01/01 01:53:10,4006.604458,332.015016,95.420887,0.000000,0.000000,12.331943
2005/01/01 01:53:11,4003.254321,330.673927,95.401421,0.000000,0.200000,12.302697
2005/01/01 01:53:12,4005.563015,329.334265,95.415534,0.000000,0.000000,12.238734
2005/01/01 01:53:13,4020.929654,328.046902,95.380657,0.000000,0.000000,12.097892
2005/01/01 01:53:14,4001.850806,326.734233,95.418454,0.000000,0.000000,12.164649
2005/01/01 01:53:15,4002.638215,325.373158,95.375304,0.000000,0.000000,12.109209
2005/01/01 01:53:16,4013.581154,324.091375,95.414885,0.000000,0.000000,11.995825
2005/01/01 01:53:17,4024.862805,322.787271,95.408396,0.000000,0.000000,11.880671
2005/01/01 01:53:18,4002.181732,321.502374,95.417967,0.000000,0.000000,11.967882
2005/01/01 01:53:19,3995.376340,320.208652,95.413587,0.000000,0.000000,11.960364
2005/01/01 01:53:20,4002.357901,318.907533,95.398177,0.000000,0.000000,11.870244
2005/01/01 01:53:21,4007.473625,317.675973,95.417156,0.000000,0.000000,11.794234
2005/01/01 01:53:22,4006.105150,316.384977,95.371086,0.000000,0.000000,11.754330
2005/01/01 01:53:23,4024.680796,315.085934,95.419589,0.000000,0.000000,11.598261
2005/01/01 01:53:24,4005.534789,313.850611,95.387308,0.000000,0.000000,11.663495
2005/01/01 01:53:25,4017.224258,312.583882,95.408721,0.000000,0.000000,11.548914
2005/01/01 01:53:26,4002.115547,311.338047,95.395743,0.000000,0.000000,11.589900
2005/01/01 01:53:27,4002.687854,310.111549,95.388281,0.000000,0.000000,11.540941
2005/01/01 01:53:28,4009.413435,308.874668,95.416183,0.000000,0.200000,11.456378
2005/01/01 01:53:29,4024.546479,307.581206,95.392661,0.000000,0.000000,11.322769
2005/01/01 01:53:30,4001.641544,306.352372,95.421049,0.000000,0.000000,11.407004
2005/01/01 01:53:31,3998.710904,305.171165,95.401908,0.000000,0.000000,11.379684
2005/01/01 01:53:32,4010.181377,303.943758,95.398988,0.000000,0.000000,11.269170
2005/01/01 01:53:33,4028.577935,302.698572,95.411154,0.000000,0.000000,11.120737
2005/01/01 01:53:34,4002.181732,301.480509,95.382604,0.000000,0.000000,11.222571
2005/01/01 01:53:35,4017.027649,300.304233,95.414398,0.000000,0.000000,11.096309
2005/01/01 01:53:36,3998.452003,299.070467,95.382928,0.000000,0.000000,11.153636
2005/01/01 01:53:37,4002.340382,297.885626,95.415047,0.000000,0.000000,11.087873
2005/01/01 01:53:38,4010.060687,296.639143,95.389904,0.000000,0.000000,10.999002
2005/01/01 01:53:39,4003.064525,295.486226,95.403530,0.000000,0.000000,10.994584
2005/01/01 01:53:40,4010.014941,294.325005,95.398501,0.000000,0.000000,10.913446
2005/01/01 01:53:41,4021.533107,293.132896,95.393148,0.000000,0.000000,10.807071
2005/01/01 01:53:42,3998.817968,291.898482,95.403368,0.000000,0.000000,10.884169
2005/01/01 01:53:43,3999.394169,290.735314,95.383415,0.000000,0.200000,10.837674
2005/01/01 01:53:44,4009.587658,289.607574,95.422996,0.000000,0.000000,10.740815
2005/01/01 01:53:45,4025.048708,288.445314,95.391526,0.000000,0.000000,10.615683
2005/01/01 01:53:46,4002.395860,287.282794,95.415047,0.000000,0.200000,10.692919
2005/01/01 01:53:47,3995.426952,286.101976,95.419103,0.000000,0.000000,10.686148
2005/01/01 01:53:48,4006.219027,285.011093,95.394932,0.000000,0.000000,10.588126
2005/01/01 01:53:49,4028.611027,283.826641,95.388768,0.000000,0.000000,10.427236
2005/01/01 01:53:50,4002.648921,282.720703,95.375304,0.000000,0.000000,10.521783
2005/01/01 01:53:51,3995.498977,281.554161,95.416183,0.000000,0.000000,10.515904
2005/01/01 01:53:52,4006.519780,280.442513,95.401745,0.000000,0.000000,10.416840
2005/01/01 01:53:53,4007.307189,279.338263,95.401583,0.000000,0.000000,10.371746
2005/01/01 01:53:54,4006.210267,278.229989,95.410343,0.000000,0.000000,10.336254
2005/01/01 01:53:55,4028.619787,277.066950,95.393310,0.000000,0.000000,10.178854
2005/01/01 01:53:56,4006.215134,275.925455,95.422996,0.000000,0.200000,10.250616
2005/01/01 01:53:57,4021.328712,275.937394,95.392012,0.000000,0.000000,10.174150

